delete from order_book;
delete from track_order;
delete from users;
delete from report;
delete from book;
delete from publisher;
delete from orders;
delete from owner;
insert into users values ('user1','Packard', '101 Rev Ave', '6455151510');
insert into users values ('user2','Painter', '514 Tres St', '1054432526');
insert into users values ('user3','Taylor', '3128 Rexall Crescent', '7066432441');
insert into users values ('user4','Watson', '1030 Diamond Crescent', '2435221354');
insert into publisher values ('pub1','Reggie', '34 Fake Ave', '2435221354','regie@email.com', '44');
insert into publisher values ('pub2','Tayla', '69 Tree st', '2498412354','regie@email.com', '47');
insert into publisher values ('pub3','Rachel', '976 Balloon St', '2435221354','regie@email.com', '32');
insert into publisher values ('pub4','Ameer', '394 Comp Sci Str', '2496546354','regie@email.com', '46');
insert into book values ('book1','pub1','Wu', 'Finance Matters', '543','65','775');
insert into book values ('book2','pub1','Mozart', 'Music History', '545','34','6');
insert into book values ('book3','pub2','Einstein', 'Principials', '54','42','5');
insert into book values ('book4','pub2','El Said', 'History Lessons', '76','4','3');
insert into book values ('book5','pub3','Rolling', 'Harry Potter', '768','8','1');
insert into book values ('book6','pub3','Tokien', 'The Hobbit', '56','23','2');
insert into book values ('book7','pub4','Califieri', 'Crash Course', '6','76','25');
insert into book values ('book8','pub4','Singh', 'Wall Street', '65','5','56');
insert into orders values ('01','5', 'Warehouse', '101 Rev Ave', '101 Rev Ave');
insert into orders values ('02','3', 'Transit','514 Tres St', '101 Rev Ave');
insert into orders values ('03','2', 'Warehouse','3128 Rexall Crescent', '514 Tres St');
insert into owner values ('own-1', 'Owen', '2498877830');
insert into owner values ('own-2', 'Greg', '2498416354');
insert into report values ('book1', 'own-2','1', '4', 'Finance', 'Wu');
insert into report values ('book2', 'own-1','0', '677', 'History', 'Mozart');
insert into report values ('book3', 'own-2','201', '4', 'Scientific', 'Einstein');
insert into report values ('book4', 'own-1','199', '3', 'Comedy', 'El Said');
insert into report values ('book5', 'own-1','101', '14', 'Fantasy', 'Rolling');
insert into report values ('book6', 'own-2','351', '51', 'Fantasy', 'Tokien');
insert into report values ('book7', 'own-1','1101', '1', 'Sci-fi', 'Califieri');
insert into report values ('book8', 'own-2','319', '12', 'Finance', 'Singh');
insert into track_order values ('01', 'user1', '11');
insert into track_order values ('02', 'user2', '12');
insert into track_order values ('03', 'user3', '13');
insert into order_book values ('01', 'book1');
insert into order_book values ('02', 'book2');
insert into order_book values ('03', 'book3');

